<?xml version="1.0" encoding="UTF-8"?>
<project-private xmlns="http://www.netbeans.org/ns/project-private/1">
    <editor-bookmarks xmlns="http://www.netbeans.org/ns/editor-bookmarks/2" lastBookmarkId="0"/>
    <open-files xmlns="http://www.netbeans.org/ns/projectui-open-files/2">
        <group>
            <file>file:/C:/NetBeansProjects/ICS/src/ics/Step04.java</file>
            <file>file:/C:/NetBeansProjects/ICS/src/ics/Step07.java</file>
            <file>file:/C:/NetBeansProjects/ICS/src/ics/Step01.java</file>
            <file>file:/C:/NetBeansProjects/ICS/src/ics/Start.java</file>
            <file>file:/C:/NetBeansProjects/ICS/src/ics/Step06.java</file>
            <file>file:/C:/NetBeansProjects/ICS/src/ics/Step05.java</file>
            <file>file:/C:/NetBeansProjects/ICS/src/ics/Step03.java</file>
            <file>file:/C:/NetBeansProjects/ICS/src/ics/Step02.java</file>
        </group>
    </open-files>
</project-private>
